0.,16.27056112142103,0.,15.570559634365214,0.,0.,0.
0.00008,16.264699306557205,16.265637344640215,15.564697820087572,15.565736334834527,16.265637341832196,7.997241615124279e-16
0.00016,16.248792060499138,16.257971507575313,15.548790575620227,15.55840031901746,16.25797156439483,1.5985096768603806e-15
0.00024,16.222011955418733,16.25030921156061,15.522010473217831,15.551067746932342,16.25030928927456,2.3959243530469604e-15
0.00032,16.1843771613739,16.24265056440918,15.48437568293648,15.543738616951273,16.242650681642505,3.1914421011597636e-15
0.0004,16.136743178669686,16.23499546087008,15.43674170499566,15.536412930151188,16.234995458200636,3.98474586513596e-15
0.00048,16.077478010559904,16.22734402164555,15.377476542812394,15.529090747406677,16.227344180504755,4.774870950558674e-15
0.0005600000000000001,16.0082795911718,16.219696226178414,15.308278130344133,15.521772001870886,16.219696283434875,5.5617952433534326e-15
0.00064,15.928361614185357,16.212051969284456,15.228360161349487,15.514456691935981,16.212052047325248,6.344786245518471e-15
0.00072,15.837778303221649,16.204411352690318,15.137776859444108,15.507144815994863,16.204411469927102,7.123311130365204e-15
0.0008,15.737399739311803,16.196774271349728,15.037398305572115,15.499836377817699,16.196774268721665,7.89728455151971e-15
0.0008799999999999999,15.625665865060453,16.189140845551435,14.925664442494151,15.492531432757737,16.18914100402533,8.66539236809385e-15
0.00096,15.504267572753198,16.181511054884655,14.804266162326725,15.48522991681495,16.181511112000447,9.4279983237428e-15
0.0010400000000000001,15.37247207809848,16.173884794454946,14.672470680851552,15.477931828385271,16.17388487230984,1.0184189081996593e-14
0.0011200000000000001,15.23036880314164,16.16626216575758,14.530367420105037,15.470637165865385,16.16626228271821,1.0933452601830544e-14
0.0012,15.078828687942272,16.158643063993246,14.378827320059676,15.46334593569853,16.158643061371485,1.1675908586104375e-14
0.00128,14.916388217492875,16.151027609165183,14.216386865854325,15.456058187742649,16.15102776726549,1.2409889480496339e-14
0.00136,14.744704575855978,16.143415780910193,14.044703241385786,15.448773860831427,16.143415837891002,1.3136152943775838e-14
0.00144,14.563110057214503,16.135807474581163,13.86310874090376,15.441492953364579,16.13580755225246,1.3853622589469551e-14
0.00152,14.371727871798983,16.128202791434486,13.671726574626456,15.434215463742564,16.128202908119576,1.4561812847655493e-14
0.0016,14.171416083452458,16.12060162691759,13.471414806311104,15.426941401069085,16.12060162430189,1.5261046673431342e-14
0.00168,13.960830800061238,16.113004100751187,13.26082954397841,15.419670809732333,16.113004258479258,1.5949329807546737e-14
0.0017599999999999998,13.741569362682148,16.105410192620056,13.041568128525457,15.412403631386734,16.105410249466722,1.6627801590824755e-14
0.00184,13.513039674092198,16.09781979812343,12.813038462788471,15.40513986443577,16.09781987561187,1.729523956566131e-14
0.00192,13.275396789608177,16.090233018279292,12.575395602068733,15.397879507283658,16.090233134689676,1.7951192360220072e-14
0.002,13.029472364677186,16.08264974878121,12.329471201730183,15.390622571682016,16.082649746171676,1.859618107987177e-14
0.0020800000000000003,12.774063324060771,16.075070109068047,12.074062186654666,15.383369096574754,16.075070266424795,1.922791621012176e-14
0.00216,12.510681974787385,16.06749407887241,11.81068086371941,15.376119026424094,16.06749413558525,1.984790080523635e-14
0.0022400000000000002,12.238821165955049,16.059921554039317,11.538820082073148,15.368872359637281,16.059921631345325,2.045478560828322e-14
0.00232,11.958665352651815,16.05235263534892,11.258664296785492,15.36162909462229,16.052352751485248,2.1048160563482902e-14
0.0024,11.671006666225653,16.044787218740364,10.971005639125192,15.354389245766127,16.044787216136967,2.1628736708310702e-14
0.00248,11.374801821528527,16.03722542337131,10.674800824048544,15.347152846593799,16.0372255803576,2.2193965379760445e-14
0.00256,11.071454241575285,16.02966722902209,10.371453274430056,15.339919844362438,16.02966728560141,2.2745689643104272e-14
0.00264,10.760549719857616,16.02211253178292,10.060548783802833,15.33269023748304,16.022112608906934,2.3282454720214955e-14
0.00272,10.442299202267936,16.0145614321967,9.742298298038197,15.325464024367323,16.01456154805961,2.380389833806111e-14
0.0028000000000000004,10.117442803670505,16.00701382644755,9.4174419319264,15.31824122202523,16.007013823850283,2.4310910253101222e-14
0.00288,9.785113482237746,15.999469833412615,9.085112643726564,15.31102185858814,15.999469990029318,2.4800722847345338e-14
0.00296,9.446583644151572,15.991929432919822,8.746582839493367,15.303805884095254,15.991929489365939,2.527549013113819e-14
0.00304,9.101538559581417,15.984392521304018,8.401537789427715,15.296593296961303,15.984392598246464,2.5733674747762605e-14
0.00312,8.750212338481322,15.976859198871402,8.050211603460236,15.28938409560175,15.976859314461544,2.6174967920174025e-14
0.0032,8.393281407178316,15.9693293620505,7.693280707850317,15.282178299637042,15.96932935945935,2.6600424091983322e-14
0.0032800000000000004,8.030068640932825,15.961803129438591,7.330067977926093,15.274975931830134,15.961803285686578,2.700710033689643e-14
0.00336,7.661695362488258,15.95428048091109,6.961694736318846,15.26777694498949,15.954280537224319,2.7397427640616307e-14
0.0034400000000000003,7.287951282169234,15.946761313046903,6.587950693374224,15.260581337533571,15.946761389808207,2.7769810312709926e-14
0.0035199999999999997,6.909089981937588,15.939245725916077,6.209089431028699,15.253389107881572,15.939245841234094,2.8123997941721686e-14
0.0036,6.525713531935857,15.931733616190977,5.825713019364605,15.246200278252067,15.93173361360593,2.846119302936883e-14
0.00368,6.137345403174117,15.924225102189672,5.4373449294396705,15.239014866064693,15.924225258069816,2.8778323752439314e-14
0.00376,5.74493815102776,15.916720163834952,5.04493771653403,15.231832826884428,15.916720220015609,2.9078059734219745e-14
0.00384,5.348389242370388,15.909218697949207,4.648388847531541,15.22465415913345,15.909218774529798,2.935877211539269e-14
0.00392,4.947967732032607,15.901720804366894,4.247967377235905,15.217478861234676,15.901720919413423,2.962027279923105e-14
0.004,4.544191838966668,15.894226380003632,3.8441915245475475,15.210306957992476,15.89422637742467,2.9863893381548945e-14
0.00408,4.136793145079129,15.886735542898942,3.436792871399869,15.203138461508184,15.886735698412107,3.008648158638442e-14
0.0041600000000000005,3.7265404160100535,15.879248273022887,3.0265401833560572,15.195973330090577,15.87924832907128,3.0290903573374686e-14
0.00424,3.3134404921907032,15.871764467440753,2.6134403008466913,15.188811562165554,15.871764543841055,3.04755230022432e-14
0.00432,2.8977736581650304,15.864284225751966,2.197773508387694,15.181653156159744,15.864284340527647,3.064021705739041e-14
0.0044,2.4799661090725653,15.856807445114834,1.7799660010759764,15.174498139451,15.856807442541943,3.078642542882625e-14
0.0044800000000000005,2.0599617708300104,15.84933424329098,1.3599617048338462,15.167346518847312,15.849334398438026,3.091096510079571e-14
0.004560000000000001,1.6383334954487452,15.841864600297619,0.9383334716153999,15.160198255388577,15.841864656214064,3.101685356855713e-14
0.00464,1.21519738903997,15.834398413442381,0.5151974075202278,15.153053347504402,15.83439848966282,3.1102472816779707e-14
0.00472,0.7908405456063279,15.826935782090205,0.09085896417225703,15.145911793625118,15.826935896595678,3.116776724786807e-14
0.0048,0.36559041512265394,15.81947660364151,2.220446049250313e-16,15.138773623689831,15.819476601074681,3.1214261941416554e-14
0.00488,6.399134704158936e-14,15.812020995580685,2.331468351712825e-16,15.13163883923801,15.812021150362483,3.123879333961958e-14
0.00496,2.1392192039921585e-14,15.804568937971991,1.9984014443252895e-16,15.124507404028064,15.804568993756796,3.124448268597319e-14
0.00504,-2.119596318469942e-14,15.797120328364812,1.1102230246251565e-16,15.117379316493292,15.79712040440581,3.122975580700226e-14
0.00512,-6.39488462184091e-14,15.789675265890164,1.4432899320127016e-16,15.11025457506772,15.789675277865792,3.1195210084353244e-14
0.005200000000000001,-1.0658141036401503e-13,15.782233648190008,1.1102230246251565e-16,15.103133212239507,15.782233645629223,-0.36550011577960123
0.00528,-1.4876988529977088e-13,15.774795592472149,0.09085896417549161,15.09601522430435,15.77479563285853,-0.7907803744738807
0.00536,-1.913136316034068e-13,15.767361078847776,0.5151974075202257,15.08890057772659,15.767361132155688,-1.2151083727921737
0.00544,-2.3394619574901317e-13,15.75993000510747,0.9383334716154035,15.081789270943219,15.759930080383237,-1.6382441326899704
0.005520000000000001,-2.7560176363294897e-13,15.752502470148873,1.3599617048338495,15.074681302391946,15.752502582358222,-2.059873430048705
0.005600000000000001,-3.175237850427952e-13,15.745078371854923,1.7799660010759781,15.06757670709781,15.745078369300167,-2.4798772337433013
0.005680000000000001,-3.5935698861067104e-13,15.737657827157477,2.1977735083876997,15.060475476137418,15.737657980040634,-2.8976860370986017
0.00576,-4.005684672847567e-13,15.730240816214542,2.6134403008466895,15.053377578668512,15.730240869396967,-3.313354412637297
0.00584,-4.4249048869460213e-13,15.722827237057352,3.0265401833560563,15.046283013131752,15.722827312155912,-3.726453558646048
0.00592,-4.82813788948988e-13,15.715417188350704,3.4367928713998666,15.039191777968538,15.715417300295893,-4.136708056674836
0.006,-5.240252676230739e-13,15.708010568217942,3.844191524547544,15.032103910728665,15.70801056566921,-4.544105789268416
0.00608,-5.638156608256395e-13,15.700607493315644,4.247967377235903,15.025019397294233,15.700607645838888,-4.947883676111377
0.00616,-6.04494232447905e-13,15.693207943848535,4.648388847531537,15.017938209503887,15.693207996905757,-5.348307457037354
0.00624,-6.435740829147105e-13,15.68581181808789,5.044937716534025,15.01086034580196,15.685811893009651,-5.744855168851045
0.00632,-6.828315690654562e-13,15.678419214466233,5.437344929439668,15.00378580463352,15.678419326147877,-6.137264909041805
0.0064,-7.220890552162018e-13,15.67103003134675,5.8257130193646045,14.99671462606105,15.671030028804024,-6.5256316649237665
0.0064800000000000005,-7.613465413669474e-13,15.663644385111386,6.209089431028701,14.98964679079664,15.663644537275557,-6.909010816773645
0.006560000000000001,-7.986500349943529e-13,15.656262256011468,6.587950693374224,14.98258227334739,15.656262308943782,-7.287875080860139
0.00664,-8.355982572538777e-13,15.648883542557764,6.961694736318845,14.975521072161298,15.648883617303138,-7.661617564177333
0.00672,-8.725464795134031e-13,15.641508342951058,7.330067977926097,14.968463185687087,15.641508454369776,-8.029994010513049
0.0068000000000000005,-9.094947017729282e-13,15.634136555793821,7.693280707850322,14.9614086564879,15.634136553257077,-8.393205013944078
0.006880000000000001,-9.446665671930533e-13,15.626768297194005,8.05021160346024,14.95435746013022,15.626768448999938,-8.750139312556602
0.006960000000000001,-9.794831612452983e-13,15.619403547449426,8.40153778942772,14.947309573777204,15.619403600257122,-9.101469144036418
0.007039999999999999,-1.0150102980333025e-12,15.612042205309788,8.746582839493366,14.940264995880511,15.61204227987919,-9.446512256632271
0.00712,-1.0476952638782674e-12,15.604684368744683,9.085112643726564,14.933223724892509,15.604684479901094,-9.785045892496802
0.0072,-1.0818013151947521e-12,15.5973299365953,9.4174419319264,14.926185805865003,15.59732993406453,-10.11737308898105
0.00728,-1.114131009671837e-12,15.589979024696241,9.742298298038198,14.9191512092432,15.589979176144785,-10.44223346724489
0.00736,-1.1461054327810415e-12,15.58263161339171,10.060548783802835,14.912119914833951,15.582631666075079,-10.760488184801323
0.00744,-1.1773693131544861e-12,15.575287601669771,10.371453274430058,14.90509192109256,15.575287676063619,-11.071390390671443
0.00752,-1.20685683668853e-12,15.56794708726938,10.674800824048546,14.898067226475039,15.567947198164099,-11.374742338397013
0.0076,-1.2363443602225743e-12,15.560609969269876,10.971005639125188,14.891045878509917,15.560609966745064,-11.670944729523274
0.00768,-1.2647660696529783e-12,15.553276363233154,11.258664296785494,14.884027842545345,15.553276514325155,-11.95860794521103
0.00776,-1.2931877790833825e-12,15.5459462495497,11.538820082073153,14.87701310101957,15.545946302109042,-12.23876848183206
0.00784,-1.3201884030422658e-12,15.538619527445379,11.810680863719412,14.870001652391522,15.538619601664088,-12.510626667465896
0.00792,-1.3475442983690298e-12,15.53129629442905,12.074062186654666,14.86299349512085,15.531296405062697,-12.774012885623199
0.008,-1.3731238368563936e-12,15.523976449817638,12.329471201730183,14.855988679200896,15.523976447298772,-13.029419182740689
0.00808,-1.3969270185043571e-12,15.51666010890098,12.575395602068737,14.848987164906916,15.516660259637275,-13.275348615099283
0.00816,-1.4203749287844401e-12,15.509347252115727,12.813038462788477,14.841988937296264,15.509347304551335,-13.51299667176261
0.00824,-1.4431122963287636e-12,15.502037778924995,13.041568128525459,14.834993994831507,15.502037852968977,-13.741523471172501
0.008320000000000001,-1.465849663873087e-12,15.494731786608078,13.260829543978414,14.828002335975919,15.494731896981268,-13.960790201761908
0.0084,-1.4868106745780092e-12,15.487429174718935,13.471414806311106,14.821014013175784,15.487429172206,-14.171372494992747
0.00848,-1.5067058711792921e-12,15.480130058275988,13.671726574626456,14.814028981657533,15.480130208657412,-14.371689689962759
0.00856,-1.526245796412695e-12,15.472834417761938,13.86310874090376,14.80704722908541,15.472834470074098,-14.563077414850733
0.00864,-1.5418777365994174e-12,15.465542152876589,14.044703241385784,14.800068753925585,15.465542226746253,-14.744668823894699
0.00872,-1.5603518477291798e-12,15.458253360670216,14.216386865854327,14.79309355464496,15.458253470783562,-14.91635809959121
0.0088,-1.5720758028692217e-12,15.45096794093326,14.378827320059678,14.786121686130947,15.450967938426242,-15.078795380375398
0.00888,-1.5901946426311043e-12,15.443686008413355,14.53036742010504,14.77915309858513,15.443686158440743,-15.230341216128465
0.008960000000000001,-1.6044054973463065e-12,15.43640754363915,14.672470680851557,14.772187782266442,15.436407595828156,-15.372450310490112
0.009040000000000001,-1.6186163520615083e-12,15.429132446546586,14.804266162326725,14.804446544107387,15.42913252024234,-15.50424252417008
0.009120000000000001,-1.62998503583367e-12,15.421860813957453,14.925664442494154,14.926089895819866,15.421860923811563,-15.62564670253376
0.0092,-1.6413537196058314e-12,15.414592545898108,15.037398305572115,15.03727722746464,15.414592543396994,-15.737377237917993
0.00928,-1.6505907751707126e-12,15.407327756846044,15.13777685944411,15.138105091905215,15.407327906520234,-15.837761746095193
0.00936,-1.660538373471354e-12,15.400066427375753,15.228360161349487,15.228528282997923,15.400066479441895,-15.928351064620575
0.00944,-1.6690648863004754e-12,15.392808457658745,15.308278130344133,15.308490341061427,15.392808531181005,-16.00826564099795
0.00952,-1.6747492281865563e-12,15.385553944288874,15.377476542812396,15.377941296062666,15.385554053884364,-16.077470105612672
0.0096,-1.6804335700726367e-12,15.37830278752786,15.436741704995661,15.436638527284895,15.378302785032634,-16.13673183830936
0.00968,-1.6861179119587176e-12,15.37105510158368,15.484375682936477,15.484733225654612,15.371055250905501,-16.184371895249935
0.00976,-1.6910917111090384e-12,15.363810867076563,15.522010473217831,15.522205328953843,15.36381091902013,-16.222012790270465
0.00984,-1.6910917111090384e-12,15.35656998441304,15.54879057562023,15.54903144056604,15.356570057762212,-16.248789428737144
0.00992,-1.694644424787839e-12,15.349332549959561,15.564697820087572,15.565194765551212,15.349332659297035,-16.26470278385517
0.01,-1.694644424787839e-12,15.342098464212649,15.570559634365214,15.570475969953149,15.342098461723296,-16.270561120938442
0.01008,-1.694644424787839e-12,15.334867841111414,15.564697820087572,15.565736348348185,15.334867838991366,-16.265637343750946
0.01016,-1.6910917111090384e-12,15.327640661321704,15.54879057562023,15.558400318926928,15.327640645331947,-16.257971486287328
0.01024,-1.6910917111090384e-12,15.320416825484521,15.522010473217831,15.5510677332463,15.320416845847681,-16.250309229012686
0.010320000000000001,-1.6861179119587176e-12,15.313196429739445,15.484375682936477,15.543738591839997,15.313196395081427,-16.242650523710793
0.010400000000000001,-1.680433570072637e-12,15.30597937481726,15.436741704995663,15.536412956680364,15.305979376624597,-16.234995459046754
0.010480000000000001,-1.674749228186556e-12,15.29876577438881,15.377476542812396,15.529090760350133,15.29876581269384,-16.227344058585686
0.01056,-1.6690648863004754e-12,15.291555609165485,15.308278130344133,15.521772001240622,15.29155559272012,-16.219696205047427
0.01064,-1.660538373471354e-12,15.284348780022205,15.228360161349483,15.514456677743983,15.284348800062517,-16.21205198685064
0.01072,-1.6505907751707128e-12,15.277145382872206,15.137776859444111,15.507144793094257,15.27714534821507,-16.204411312238776
0.0108,-1.6413537196058314e-12,15.269945318679966,15.037398305572115,15.499836403746828,15.269945320480291,-16.196774269570493
0.01088,-1.6299850358336697e-12,15.262748700848748,14.925664442494153,15.492531445133356,15.26274873907093,-16.189140882406782
0.010960000000000001,-1.6186163520615081e-12,15.255555510135329,14.804266162326723,15.485229915649025,15.2555554937314,-16.181511033799943
0.011040000000000001,-1.604405497346306e-12,15.248365647647992,14.672470680851553,15.477931813689759,15.248365667641163,-16.173884811978127
0.011120000000000001,-1.5909051853668642e-12,15.241179209074174,14.530367420105035,15.470637145165195,15.241179174498491,-16.166262125401406
0.011200000000000002,-1.5738521597086217e-12,15.233996095611511,14.378827320059674,15.463345961030292,15.233996097407841,-16.158643062218378
0.011280000000000002,-1.5592860336255398e-12,15.226816420396286,14.216386865854325,15.456058199553025,15.226816458528884,-16.151027645933716
0.011360000000000002,-1.5429435507030572e-12,15.21964016423058,14.04470324138578,15.448773859132363,15.219640147865643,-16.143415759875097
0.011440000000000002,-1.5258905250448147e-12,15.212467228455486,13.863108740903757,15.441492938168002,15.212467248401804,-16.135807492063016
0.01152,-1.5067058711792923e-12,15.205297708533173,13.671726574626458,15.43421544523256,15.20529767403901,-16.12820275117325
0.0116,-1.48681067457801e-12,15.198131505893885,13.471414806311111,15.426941425806143,15.198131507686023,-16.120601625146833
0.01168,-1.465849663873087e-12,15.190968733407546,13.260829543978415,15.41967082098006,15.190968771450372,-16.11300413743313
0.01176,-1.4431122963287636e-12,15.183809371921441,13.041568128525462,15.412403629157044,15.183809355595029,-16.10541017163448
0.01184,-1.4203749287844405e-12,15.17665332300893,12.813038462788477,15.40513984874056,15.17665334290829,-16.09781981556413
0.01192,-1.3969270185043571e-12,15.169500681907437,12.57539560206874,15.397879490953649,15.169500647494484,-16.090232978112848
0.012,-1.3731238368563936e-12,15.162351350279263,12.329471201730184,15.390622595827034,15.162351352067185,-16.08264974701463
0.01208,-1.34754429836903e-12,15.155205440728615,12.074062186654666,15.383369107262418,15.155205478681882,-16.07507014566364
0.01216,-1.3201884030422662e-12,15.148062934147864,11.810680863719414,15.376119023666291,15.148062917859889,-16.067494057936248
0.012240000000000001,-1.2931877790833821e-12,15.14092373234209,11.538820082073153,15.368872343445881,15.140923752194604,-16.059921571438956
0.01232,-1.2647660696529785e-12,15.133787930324504,11.2586642967855,15.361629080462112,15.133787895992569,-16.052352595277043
0.0124,-1.236344360222575e-12,15.12665542998892,10.971005639125194,15.354389269321748,15.126655431772637,-16.044787216977944
0.01248,-1.2068568366885305e-12,15.119526343674448,10.674800824048553,15.34715285672397,15.119526381538364,-16.037225459880748
0.01256,-1.1773693131544861e-12,15.112400652318438,10.371453274430062,15.339919841079016,15.112400636068813,-16.029667208135212
0.01264,-1.1461054327810415e-12,15.10527825795715,10.060548783802835,15.332690220797867,15.10527827776293,-16.0221125491416
0.01272,-1.1141310096718374e-12,15.098159255380112,9.742298298038202,15.325464012366863,15.098159221129004,-16.014561392219164
0.0128,-1.0818013151947525e-12,15.091043546712097,9.4174419319264,15.3182412449941,15.091043548491616,-16.007013824689288
0.01288,-1.0476952638782674e-12,15.083931244027747,9.085112643726564,15.311021868163387,15.083931281802522,-15.999469869836108
0.012960000000000001,-1.0150102980333033e-12,15.076822328309287,8.746582839493358,15.303805880288703,15.076822312097917,-15.991929412082126
0.013040000000000001,-9.794831612452979e-13,15.06971670182361,8.401537789427717,15.296593279784771,15.06971672158276,-15.984392538621837
0.013120000000000001,-9.446665671930527e-13,15.062614459137082,8.05021160346024,15.289384085750925,15.06261442496661,-15.976859158987988
0.013200000000000002,-9.094947017729274e-13,15.055515502604903,7.693280707850318,15.28217832202179,15.055515504380232,-15.969329360296376
0.01328,-8.725464795134035e-13,15.048419944037862,7.330067977926096,15.274975940853007,15.048419981723708,-15.961803165776333
0.01336,-8.35598257253878e-13,15.041327764462956,6.961694736318847,15.267776940662287,15.041327748289753,-15.95428046012245
0.01344,-7.993605777301125e-13,15.03423886637717,6.587950693374224,15.260581319868082,15.0342388860898,-15.94676133032395
0.01352,-7.609912699990672e-13,15.027153344124232,6.209089431028693,15.253389100170324,15.027153310034205,-15.939245686126558
0.013600000000000001,-7.220890552162018e-13,15.020071100289226,5.825713019364596,15.246200300055312,15.020071102060374,-15.931733614440983
0.013680000000000001,-6.828315690654559e-13,15.012992246419707,5.437344929439674,15.239014874537741,15.012992284016828,-15.924225138441862
0.013760000000000001,-6.435740829147103e-13,15.005916763587342,5.0449377165340294,15.231832822039042,15.005916747452211,-15.916720143095255
0.013840000000000002,-6.044942324479051e-13,14.998844554518657,4.648388847531537,15.224654140981398,14.998844574184881,-15.90921871518558
0.013920000000000002,-5.63815660825639e-13,14.991775713335278,4.2479673772358915,15.217478855652992,14.991775679325507,-15.901720764671047
0.014000000000000002,-5.24025267623073e-13,14.984710142851625,3.8441915245475404,15.210306979216828,14.984710144618603,-15.894226378257757
0.014079999999999999,-4.828137889489891e-13,14.977647954352644,3.436792871399875,15.20313846943394,14.977647991861252,-15.886735579065787
0.014159999999999999,-4.4249048869460344e-13,14.970589128954565,3.0265401833560626,15.195973324729476,14.970589112857418,-15.879248252332014
0.01424,-4.0056846728475724e-13,14.963533569612915,2.6134403008466904,15.18881154352933,14.963533589232838,-15.871764484636545
0.01432,-3.596234421365811e-13,14.956481370227738,2.1977735083877112,15.181653152697637,14.956481336298033,-15.864284186149574
0.0144,-3.1707969583294567e-13,14.949432433842256,1.7799660010759828,15.174498160099066,14.94943243560507,-15.856807443373066
0.01448,-2.755129457909794e-13,14.94238687147941,1.3599617048338482,15.167346526228304,14.942386908899712,-15.84933427937268
0.01456,-2.3359092438113314e-13,14.9353446642999,0.9383334716153956,15.16019824951421,14.935344648240648,-15.841864579655459
0.01464,-1.913136316034075e-13,14.928305715487712,0.515197407520228,15.15305332838638,14.928305735061443,-15.834398430597693
0.01472,-1.4885870314174136e-13,14.921270118721834,0.09085896417225382,15.145911792272651,14.921270084872006,-15.82693574258105
0.0148,-1.0658141036401503e-13,14.91423777727374,1.1102230246251565e-16,15.138773643764209,14.914237779032403,-15.81947660190385
0.01488,-6.397105067890115e-14,14.907208801905005,1.4432899320127112e-16,15.131638846076763,14.907208839237207,-15.812021031577444
0.014960000000000001,-2.1207023237040145e-14,14.90018317382067,1.1102230246251565e-16,15.12450739764288,14.900183157799225,-15.80456891737843
0.01504,2.138113198758031e-14,14.89316079643266,1.998401444325251e-16,15.11737929689585,14.89316081596031,-15.797120345479739
0.01512,6.399134640547944e-14,14.886141763199412,2.331468351712844e-16,15.110254575814988,14.886141729429276,-15.789675226474024
0.0152,0.36559041512264134,14.879125977620129,2.220446049250313e-16,15.10313323174278,14.87912597937465,-15.782233646456442
0.01528,0.7908405456063268,14.87211355019562,0.09085896417549023,15.096015230603376,14.872113587439932,-15.774795628384165
0.01536,1.2151973890399692,14.865104462175166,0.5151974075202268,15.088900570833026,14.86510444619145,-15.767361058302702
0.01544,1.638333495448746,14.858098617198104,0.9383334716154008,15.081789250868713,14.858098636679793,-15.759930022182113
0.01552,2.0599617708300113,14.85109610850284,1.3599617048338473,15.074681305229069,14.851096074812219,-15.752502430825535
0.015600000000000001,2.479966109072572,14.844096839815762,1.7799660010759826,15.067576726032552,14.844096841566158,-15.745078370125432
0.01568,2.8977736581650273,14.837100921377532,2.1977735083876913,15.060475481899216,14.837100958534164,-15.73765786298494
0.01576,3.3134404921907006,14.830108334481583,2.6134403008466895,15.053377571268994,14.830108318535489,-15.730240795717842
0.01584,3.7265404160100446,14.823118982994094,3.0265401833560484,15.046282992582542,14.823119002429909,-15.7228272540918
0.01592,4.136793145079127,14.816132959933968,3.4367928713998666,15.03919178288568,14.816132926322654,-15.715417149119945
0.016,4.544191838966665,14.809150169254249,3.844191524547544,15.032103929097444,14.809150171000521,-15.70801056649253
0.01608,4.947967732032601,14.802170720936063,4.247967377235899,15.025019402521297,14.802170758005222,-15.70060752905877
0.01616,5.3483892423703905,14.79519459631689,4.648388847531543,15.017938201600836,14.795194580408339,-15.69320792340009
0.01624,5.744938151027761,14.788221699489226,5.044937716534032,15.01086032478039,14.788221718879283,-15.685811835082234
0.01632,6.137345403174127,14.781252123252983,5.43734492943968,15.003785811620878,14.781252089720796,-15.678419175327832
0.0164,6.525713531935855,14.774285771787321,5.825713019364603,14.996714643866431,14.774285773529485,-15.671030029625403
0.01648,6.909089981937584,14.767322754814455,6.209089431028696,14.989646795491455,14.767322791796342,-15.663644420770368
0.016560000000000002,7.287951282169241,14.760363053715789,6.587950693374229,14.982582264943215,14.760363037844689,-15.656262235611166
0.016640000000000002,7.661695362488265,14.753406572809615,6.9616947363188535,14.9755210506697,14.75340659215402,-15.648883559512099
0.01672,8.030068640932816,14.74645340467737,7.330067977926085,14.968463194734888,14.746453371224124,-15.641508303904802
0.0168,8.393281407178314,14.739503453723799,7.693280707850313,14.961408673732427,14.739503455461858,-15.634136554076532
0.01688,8.750212338481319,14.732556829412802,8.050211603460232,14.954357464295258,14.732556866307622,-15.62676833276904
0.01696,9.101538559581414,14.725613513169622,8.40153778942771,14.947309564874306,14.725613497335878,-15.619403527097152
0.01704,9.446583644151566,14.7186734095378,8.746582839493362,14.940264973921213,14.718673428836658,-15.61204222222421
0.01712,9.785113482237739,14.711736610880818,9.085112643726559,14.93322373599101,14.711736577506327,-15.604684329790352
0.0172,10.117442803670512,14.704803021828484,9.417441931926406,14.926185822551213,14.704803023562448,-15.597329934882053
0.01728,10.442299202267932,14.69787275158698,9.742298298038193,14.919151212880926,14.697872788394939,-15.589979060187522
0.01736,10.760549719857615,14.690945781625285,10.060548783802831,14.91211990543472,14.690945765828818,-15.582631593087347
0.01744,11.071454241575287,14.684022016711669,10.371453274430056,14.905091898667884,14.684022035965093,-15.575287618544372
0.01752,11.37480182152853,14.677101548992168,10.674800824048548,14.898067239614546,14.677101515696247,-15.567947048406758
0.0176,11.671006666225646,14.670184283321108,10.971005639125185,14.891045894640348,14.67018428505099,-15.560609967560662
0.01768,11.95866535265182,14.663270328647581,11.258664296785497,14.884027845658228,14.663270365368884,-15.55327639864088
0.01776,12.23882116595505,14.656359666484187,11.538820082073153,14.877013091126395,14.656359650724909,-15.545946229293138
0.01784,12.51068197478739,14.6494522018234,11.810680863719414,14.870001629503777,14.649452221031497,-15.538619544280252
0.017920000000000002,12.774063324060776,14.642548026594318,12.074062186654672,14.862993510291695,14.642547993376782,-15.531296255657917
0.018000000000000002,13.029472364677192,14.635647045875263,12.329471201730186,14.855988694778066,14.63564704760107,-15.523976448112446
0.018080000000000002,13.275396789608182,14.628749368358836,12.57539560206874,14.848987167497393,14.628749404993686,-15.51666014422535
0.018160000000000003,13.513039674092202,14.621854975601158,12.813038462788475,14.841988926911519,14.62185495987898,-15.509347231906856
0.018240000000000003,13.741569362682148,14.614963772818376,13.041568128525459,14.834993971482998,14.614963791981252,-15.502037795720234
0.01832,13.96083080006124,14.608075851723164,13.260829543978408,14.828002353168468,14.608075818583833,-15.494731747928224
0.0184,14.171416083452458,14.601191117617317,13.471414806311104,14.821014028202205,14.601191119339061,-15.487429173017759
0.01848,14.37172787179898,14.594309678937538,13.671726574626451,14.81402898372805,14.594309715486144,-15.480130093517193
0.01856,14.5631100572145,14.587431549098985,13.863108740903757,14.80704721821146,14.58743156817594,-15.472834468219382
0.01864,14.744704575855973,14.744964198608837,14.044703241385783,14.800068730118607,14.744950854976173,-15.465542128041877
0.01872,14.916388217492875,14.916749588963123,14.216386865854327,14.793093573849614,14.916476134453989,-15.458253430549508
0.0188,15.078828687942272,15.07879538038643,14.378827320059676,14.786121700609131,15.078795380431147,-15.450967939236131
0.01888,15.23036880314164,15.230689168547741,14.530367420105039,14.779153100138121,15.230629638373806,-15.443686060798177
0.01896,15.372472078098484,15.372554269855371,14.672470680851557,14.772187770905656,15.372755546420583,-15.436407493621976
0.01904,15.504267572753196,15.504515845467747,14.804266162326723,14.804524195498724,15.504325631648648,-15.429132493154516
0.01912,15.625665865060455,15.625780034007535,14.925664442494154,14.92602353428044,15.625898391514252,-15.421860840979518
0.0192,15.737399739311801,15.737377237888797,15.037398305572113,15.037233482667032,15.737377237906982,-15.414592544204973
0.01928,15.837778303221647,15.83796882694484,15.137776859444104,15.138102186149588,15.837931594348852,-15.407327851616827
0.01936,15.928361614185354,15.928414289434137,15.228360161349483,15.228566663092789,15.928666719990597,-15.400066377476335
0.01944,16.0082795911718,16.00854757549806,15.30827813034413,15.308570385066776,16.00835140434093,-15.392808504156953
0.01952,16.0774780105599,16.077607064629724,15.377476542812392,15.377866502037941,16.07772875710929,-15.385553971247324
0.0196,16.136743178669683,16.136731838045275,15.436741704995656,15.436595373472827,16.136731838340552,-15.37830278583871
0.01968,16.1843771613739,16.18465780631856,15.48437568293648,15.48473190696731,16.184545371821894,-15.371055196131346
0.01976,16.222011955418733,16.22219944975037,15.522010473217831,15.522246045461939,16.222333887188427,-15.363810817294619
0.01984,16.248792060499138,16.248905874123547,15.548790575620227,15.549114322870553,16.248876495158413,-15.356570030801777
0.01992,16.264699306557205,16.2650877878307,15.564697820087572,15.56511246406127,16.264856724176767,-15.349332611108219
0.02,16.27056112142103,16.27056112132384,15.570559634365214,15.570434138559627,16.270561121203812,-15.342098462527476
0.02008,16.264699306557205,16.265637340038246,15.564697820087572,15.565736348240806,16.26563734147795,-15.334867837847868
0.02016,16.248792060499138,16.257971465786365,15.548790575620227,15.5584003052184,16.25797145857526,-15.327640620204605
0.02024,16.222011955418733,16.25030928132184,15.522010473217831,15.551067707568487,16.250309280457987,-15.320416895347611
0.02032,16.1843771613739,16.242650661143557,15.48437568293648,15.543738618366474,16.242650655761725,-15.313196520574014
0.0204,16.136743178669686,16.234995456035467,15.43674170499566,15.536412969614734,16.23499545742892,-15.305979376096884
0.02048,16.0774780105599,16.22734416594688,15.37747654281239,15.529090759704397,16.2273441628255,-15.298765911965802
0.020560000000000002,16.0082795911718,16.219696256546076,15.308278130344132,15.521771987026769,16.219696248914637,-15.291555635073715
0.020640000000000002,15.928361614185352,16.212052038953534,15.22836016134948,15.51445665427927,16.212052038089904,-15.284348849365845
0.020720000000000002,15.837778303221647,16.204411449230136,15.137776859444104,15.507144819020443,16.20441144385935,-15.277145473299575
0.020800000000000003,15.737399739311803,16.19677426652051,15.037398305572115,15.499836416113121,16.19677426791085,-15.269945319910812
0.020880000000000003,15.625665865060453,16.189140989505574,14.925664442494151,15.492531443951735,16.189140986391376,-15.262748838099933
0.020960000000000003,15.504267572753195,16.181511085177103,14.80426616232672,15.485229900931449,16.18151107756368,-15.255555535985103
0.02104,15.372472078098482,16.173884863957475,14.672470680851553,15.477931792427796,16.173884863095896,-15.24836571682761
0.02112,15.230368803141639,16.16626226206952,14.530367420105037,15.470637170493761,16.166262256711363,-15.241179299287817
0.0212,15.07882868794227,16.158643059175485,14.378827320059676,15.46334597283111,16.15864306056254,-15.233996096839613
0.02128,14.916388217492873,16.151027752780347,14.216386865854323,15.45605819783805,16.151027749673474,-15.226816557324732
0.02136,14.744704575855984,16.14341581113117,14.044703241385793,15.448773843913518,16.14341580353567,-15.219640190019751
0.02144,14.563110057214503,16.13580754391991,13.86310874090376,15.441492919098554,16.13580754306035,-15.212467297472376
0.02152,14.371727871798985,16.128202887519564,13.671726574626458,15.43421546996618,16.128202882174023,-15.205297798534504
0.0216,14.171416083452455,16.120601622111085,13.471414806311099,15.426941437044084,16.120601623494874,-15.198131507119113
0.02168,13.960830800061233,16.113004244028215,13.260829543978405,15.419670818734243,16.113004240928664,-15.190968870013629
0.02176,13.741569362682139,16.105410222769887,13.041568128525448,15.412403613439372,16.10541021519227,-15.183809397649897
0.021840000000000002,13.513039674092191,16.09781986729894,12.813038462788464,15.405139831853427,16.09781986644141,-15.17665339186334
0.021920000000000002,13.275396789608175,16.090233114138165,12.575395602068731,15.397879515094976,16.090233108805208,-15.169500771696885
0.022000000000000002,13.029472364677188,16.08264974398602,12.329471201730183,15.390622606504676,16.082649745366556,-15.16235135150161
0.022080000000000002,12.774063324060764,16.075070252007773,12.07406218665466,15.383369104488267,16.075070248915512,-15.155205577013096
0.022160000000000003,12.510681974787383,16.067494108951262,11.810680863719407,15.376119007452225,16.067494101391485,-15.148062959815752
0.022240000000000003,12.238821165955036,16.05992162305197,11.538820082073137,15.368872328730896,16.05992162219646,-15.140923801034402
0.022320000000000003,11.958665352651805,16.052352730982122,11.258664296785481,15.361629104013808,16.05235272566172,-15.133788019902571
0.022400000000000003,11.671006666225638,16.044787213956468,10.971005639125178,15.354389279441673,16.044787215333745,-15.126655431208395
0.022480000000000003,11.37480182152852,16.03722556597452,10.674800824048535,15.347152853423989,16.03722556288954,-15.119526479638083
0.022560000000000004,11.071454241575276,16.02966725903013,10.371453274430047,15.339919824370977,16.02966725148815,-15.1124006779259
0.022640000000000004,10.760549719857607,16.0221126006331,10.060548783802824,15.332690208244902,16.022112599779604,-15.105278326487745
0.022720000000000004,10.442299202267924,16.014561527604762,9.742298298038186,15.32546403533156,16.01456152229688,-15.098159344747287
0.022800000000000004,10.11744280367049,16.007013821674928,9.417441931926383,15.318241254558865,16.00701382304896,-15.091043547928702
0.022880000000000005,9.785113482237728,15.99946997568011,9.085112643726548,15.311021864340056,15.999469972602387,-15.083931379671288
0.022960000000000005,9.446583644151548,15.991929462857225,8.746582839493344,15.303805863089103,15.991929455332995,-15.076822353856462
0.02304,9.101538559581408,15.984392589992117,8.401537789427707,15.296593269383731,15.984392589140624,-15.069716770192867
0.023119999999999998,8.750212338481345,15.976859294054854,8.050211603460257,15.28938410813125,15.976859288759469,-15.062614548293869
0.0232,8.39328140717833,15.96932935728911,7.69328070785033,15.282178331033954,15.969329358659909,-15.055515503818643
0.02328,8.03006864093284,15.961803271371153,7.330067977926108,15.274975936508815,15.961803268300677,-15.048420079362069
0.02336,7.661695362488263,15.954280510778014,6.961694736318852,15.267776922973534,15.9542805032715,-15.041327789949992
0.02344,7.2879512821692405,15.946761381573298,6.58795069337423,15.26058131160891,15.946761380723805,-15.034238934585469
0.02352,6.9090899819375915,15.939245820875447,6.209089431028703,15.25338912196891,15.939245815592528,-15.02715343307112
0.0236,6.525713531935862,15.9317336114408,5.82571301936461,15.246200308517427,15.93173361280837,-15.02007110150011
0.02368,6.137345403174123,15.92422524378809,5.437344929439677,15.239014869675161,15.924225240724844,-15.012992381425327
0.02376,5.744938151027768,15.916720193631566,5.044937716534039,15.231832803863538,15.916720186142722,-15.005916789014373
0.02384,5.3483892423703985,15.909218766314273,4.648388847531551,15.224654134854077,15.909218765466782,-14.998844622566379
0.02392,4.94796773203261,15.901720899102706,4.2479673772359074,15.217478876872452,15.901720893832223,-14.991775802072766
0.024,4.544191838966674,15.894226375264639,3.844191524547553,15.210306987131434,15.89422637662899,-14.984710144059662
0.02408,4.136793145079131,15.886735684164005,3.43679287139987,15.203138464055437,15.886735681107973,-14.977648089040429
0.02416,3.7265404160100513,15.87924830274935,3.0265401833560555,15.195973306069606,15.879248295278142,-14.970589154321734
0.02424,3.3134404921906953,15.87176453564487,2.6134403008466838,15.188811539523872,15.871764534799379,-14.963533637500436
0.02432,2.8977736581650375,15.864284320264746,2.1977735083877015,15.18165317334058,15.86428431500668,-14.956481458756317
0.0244,2.4799661090725653,15.856807440386996,1.7799660010759764,15.174498167468691,15.85680744174814,-14.949432435047443
0.024480000000000002,2.059961770830016,15.849334384223468,1.3599617048338521,15.167346520336334,15.849334381174636,-14.942387005850108
0.02456,1.6383334954487594,15.841864629954102,0.9383334716154141,15.160198230372357,15.841864622500486,-14.93534468960735
0.02464,1.215197389039982,15.834398481485934,0.5151974075202398,15.153053326492833,15.834398480642433,-14.928305783215414
0.02472,0.7908405456063419,15.826935876380482,0.0908589641722725,15.145911812341666,15.826935871134793,-14.921270207041998
0.0248,0.3655904151226531,15.819476598924808,2.220446049250313e-16,15.13877365059137,15.819476600282748,-14.914237778476096
0.02488,6.399134704159134e-14,15.81202113618139,2.9976021664879455e-16,15.13163883967377,15.812021133139734,-14.907208935959362
0.02496,2.137843307861583e-14,15.804568967558657,1.9984014443252974e-16,15.124507378021411,15.80456896012259,-14.900183199068543
0.02504,-2.1209722146004066e-14,15.797120396248173,1.1102230246251565e-16,15.117379297104295,15.797120395406662,-14.893160864000913
0.02512,-6.399325513939328e-14,15.789675359958459,1.443289932012719e-16,15.110254595312663,15.789675354725121,-14.886141851311649
0.0252,-1.0658141036401503e-13,15.782233643484409,1.1102230246251565e-16,15.103133238029992,15.782233644839158,-14.879125978819653
0.02528,-1.4854784069484595e-13,15.774795732741845,0.09085896417548309,15.096015223691792,15.77479572970735,-14.872113683934378
0.02536,-1.9113599591946659e-13,15.76736110836479,0.5151974075202259,15.088900550734305,15.76736110094623,-14.86510448736361
0.02544,-2.3394619574901297e-13,15.759930072831025,0.9383334716154123,15.081789253169267,15.759930071991493,-14.8580986846073
0.02552,-2.757793993168889e-13,15.752502563995714,1.3599617048338342,15.07468132415798,15.752502558774697,-14.851096196407651
0.0256,-3.1752378504279477e-13,15.745078367160405,1.7799660010759808,15.067576731782317,15.74507836851196,-14.844096841012473
0.02568,-3.5944580645264067e-13,15.737657967096943,2.1977735083877055,15.060475474481475,15.737657964069594,-14.837101054801446
0.02576,-4.005684672847565e-13,15.73024084566208,2.6134403008467015,15.053377550695375,15.730240838260983,-14.830108359610728
0.025840000000000002,-4.4249048869460273e-13,15.722827304621479,3.026540183356073,15.046282996965362,15.722827303783927,-14.823119050244589
0.025920000000000002,-4.828137889489881e-13,15.715417281976615,3.4367928713998883,15.039191801248402,15.71541727676789,-14.816133047631832
0.026000000000000002,-5.240252676230739e-13,15.70801056353449,3.844191524547569,15.032103934312264,15.708010564882862,-14.809150170448143
0.026080000000000002,-5.638156608256402e-13,15.70060763292567,4.247967377235908,15.025019394599822,15.700607629905448,-14.802170854045869
0.026160000000000003,-6.044942324479066e-13,15.693207973226748,4.648388847531555,15.017938180554669,15.693207965843076,-14.795194621386875
0.026240000000000003,-6.435740829147111e-13,15.685811885492958,5.04493771653403,15.010860331235664,15.685811884657374,-14.788221766581396
0.026320000000000003,-6.828315690654572e-13,15.67841930787173,5.437344929439672,15.003785829419968,15.678419302675268,-14.78125221074438
0.026400000000000003,-7.220890552162035e-13,15.671030026674329,5.825713019364605,14.996714648548787,15.671030028019526,-14.774285772978407
0.026480000000000004,-7.618794484187681e-13,15.663644524392742,6.209089431028707,14.989646787068654,15.663644521379629,-14.767322887610886
0.02656,-7.986500349943522e-13,15.656262285320523,6.587950693374218,14.982582243426839,15.65626227795423,-14.760363078726753
0.02664,-8.355982572538778e-13,15.648883609804145,6.961694736318839,14.975521059187647,15.648883608970525,-14.753406639743833
0.02672,-8.725464795134024e-13,15.641508436136657,7.330067977926096,14.968463211972894,15.641508430952426,-14.746453491962788
0.0268,-9.094947017729282e-13,15.634136551132402,7.6932807078503185,14.961408677884796,15.63413655247443,-14.739503454912075
0.02688,-9.446665671930531e-13,15.626768436147458,8.050211603460241,14.95435745537354,15.626768433141438,-14.732556961896593
0.02696,-9.79483161245298e-13,15.61940357668948,8.401537789427724,14.94730954289005,15.61940356934053,-14.725613538121697
0.02704,-1.0150102980333035e-12,15.612042272397856,8.746582839493376,14.940264984492096,15.612042271566201,-14.718673476314434
0.027120000000000002,-1.0476952638782676e-12,15.604684461710905,9.08511264372658,14.933223752670479,15.604684456538877,-14.711736697960744
0.027200000000000002,-1.0818013151947525e-12,15.597329931944858,9.417441931926417,14.926185826176061,15.597329933283726,-14.70480302301396
0.027280000000000002,-1.1141310096718378e-12,15.589979163322568,9.742298298038198,14.919151203462683,15.589979160323622,-14.697872883758873
0.027360000000000002,-1.1461054327810417e-12,15.582631642562927,10.060548783802831,14.912119882984904,15.582631635231277,-14.690945806518618
0.027440000000000003,-1.1773693131544863e-12,15.5752876685999,10.371453274430054,14.90509191128199,15.575287667770201,-14.684022083331094
0.027520000000000003,-1.206856836688531e-12,15.567947180016738,10.674800824048543,14.898067255738013,15.567947174856887,-14.677101635867087
0.027600000000000003,-1.2363443602225743e-12,15.560609964630384,10.971005639125197,14.891045897740137,15.5606099659661,-14.670184284503796
0.027680000000000003,-1.2647660696529787e-12,15.553276501533125,11.258664296785499,14.884027835745842,15.553276498541237,-14.66327046050831
0.027760000000000003,-1.2931877790833833e-12,15.545946278652242,11.538820082073155,14.87701306821333,15.54594627133785,-14.656359691318917
0.027840000000000004,-1.3201884030422672e-12,15.538619594217938,11.810680863719433,14.870001644151433,15.538619593390191,-14.649452268285987
0.027920000000000004,-1.3475442983690306e-12,15.531296386958056,12.074062186654686,14.862993525861679,15.531296381810352,-14.64254811326471
0.028000000000000004,-1.3731238368563946e-12,15.523976445189067,12.329471201730192,14.855988697355247,15.52397644652164,-14.635647047055164
0.028080000000000004,-1.3969270185043581e-12,15.516660246875357,12.575395602068747,14.84898715709325,15.516660243890517,-14.628749499909127
0.028159999999999998,-1.420374928784439e-12,15.509347281149758,12.813038462788466,14.841988903537514,15.509347273852589,-14.621855000377419
0.028239999999999998,-1.4431122963287624e-12,15.50203784554036,13.041568128525453,14.834993988154567,15.502037844714563,-14.614963839124492
0.028319999999999998,-1.4658496638730858e-12,15.494731878919252,13.260829543978407,14.828002368187487,15.49473187378367,-14.608075938189513
0.028399999999999998,-1.4868106745780088e-12,15.487429170101267,13.471414806311104,14.821014030259228,15.487429171430703,-14.60119111879444
0.02848,-1.5067058711792915e-12,15.480130195925543,13.671726574626451,14.814028972834517,15.48013019294773,-14.594309810178128
0.02856,-1.5258905250448145e-12,15.472834446727616,13.86310874090375,14.807047194378809,15.472834383044894,-14.587431488826114
0.02864,-1.5429435507030568e-12,15.465542219335125,14.044703241385774,14.800068748804478,15.465542126456423,-14.744950856813052
0.02872,-1.5592860336255396e-12,15.458253452764072,14.216386865854314,14.793093588320176,15.458253428965891,-14.91647613316356
0.0288,-1.5738521597086215e-12,15.450967936326467,14.37882732005967,14.786121702148419,15.450967937652816,-15.078795380431139
0.02888,-1.5901946426311037e-12,15.443686145738852,14.530367420105032,14.779153088757555,15.443686059209867,-15.230629655200191
0.02896,-1.604405497346306e-12,15.43640757253664,14.672470680851557,14.772187746616643,15.436407492043424,-15.372755536738481
0.02904,-1.618616352061508e-12,15.429132512848662,14.804266162326721,14.804457970222808,15.429132491570165,-15.50432564139751
0.02912,-1.6299850358336697e-12,15.421860905834496,14.925664442494154,14.925979764733396,15.421860839389376,-15.625898421037336
0.0292,-1.6413537196058314e-12,15.414592541302161,15.037398305572115,15.037230273860505,15.414592542625385,-15.73737723790698
0.02928,-1.6505907751707126e-12,15.407327893848244,15.13777685944411,15.138140033497894,15.407327850031448,-15.837931614270929
0.02936,-1.660538373471354e-12,15.400066456205211,15.228360161349483,15.228645993832949,15.400066375901497,-15.928666709972362
0.02944,-1.6690648863004754e-12,15.392808523804735,15.308278130344133,15.30849721435613,15.39280850257633,-16.008351414399893
0.02952,-1.674749228186556e-12,15.38555403594962,15.377476542812396,15.377823169018015,15.385553969660926,-16.077728787444766
0.0296,-1.680433570072637e-12,15.37830278294273,15.436741704995663,15.436593729922691,15.37830278426284,-16.13673183834051
0.02968,-1.6861179119587178e-12,15.371055238263345,15.484375682936477,15.484772202245932,15.371055194549701,-16.18454539216656
0.02976,-1.6910917111090384e-12,15.36381089583815,15.522010473217831,15.522328459428595,15.36381081572349,-16.222333876991797
0.029840000000000002,-1.6910917111090384e-12,15.356570050403306,15.548790575620227,15.549033432883537,15.35657002922488,-16.248876505369132
0.029920000000000002,-1.694644424787839e-12,15.349332641404516,15.564697820087572,15.565070313030015,15.349332609534736,-16.264856725999817
0.03,-1.694644424787839e-12,15.342098459638319,15.570559634365214,15.570434138614662,15.342098460955317,-16.270561121203475
0.03008,-1.694644424787839e-12,15.334867977469301,15.564697820087572,15.565736334633751,15.334867836276446,-16.265637341478293
0.03016,-1.6910917111090384e-12,15.327640690015583,15.54879057562023,15.558400279094204,15.327640618634014,-16.257971458575696
0.03024,-1.6910917111090384e-12,15.320416891319436,15.52201047321783,15.551067734214472,15.32041689377769,-16.250309280458346
0.03032,-1.6861179119587178e-12,15.313196520969116,15.484375682936477,15.543738631413866,15.313196519004881,-16.24265065576213
0.0304,-1.680433570072637e-12,15.30597937025369,15.436741704995663,15.536412969075572,15.305979374528421,-16.234995457429257
0.03048,-1.6747492281865563e-12,15.298765910425683,15.377476542812397,15.529090745590677,15.298765910398126,-16.227344162825883
0.03056,-1.6690648863004754e-12,15.291555637791824,15.308278130344135,15.52177196311937,15.291555633506825,-16.219696248915074
0.03064,-1.660538373471354e-12,15.284348845702139,15.228360161349487,15.514456680324395,15.284348847799622,-16.212052038090263
0.03072,-1.6505907751707128e-12,15.27714547388711,15.13777685944411,15.507144831499241,15.277145471734139,-16.204411443859755
0.0308,-1.6413537196058314e-12,15.26994531412716,15.037398305572115,15.499836415037578,15.269945318346043,-16.19677426791118
0.03088,-1.6299850358336699e-12,15.262748836565361,14.925664442494154,15.49253142933381,15.26274883653595,-16.18914098639176
0.03096,-1.6186163520615083e-12,15.255555538694272,14.804266162326728,15.48522987922886,15.255555534421902,-16.18151107756411
0.03104,-1.604405497346306e-12,15.248365713173296,14.67247068085155,15.477931817874772,15.248365715265075,-16.17388486309625
0.031120000000000002,-1.5909051853668644e-12,15.241179299874807,14.53036742010504,15.470637182406573,15.241179297726065,-16.166262256711768
0.031200000000000002,-1.573852159708622e-12,15.233996091069423,14.37882732005967,15.463345971221708,15.233996095278528,-16.158643060562873
0.03128,-1.5585754908897795e-12,15.226816555793391,14.216386865854322,15.45605818271837,15.226816555764428,-16.15102774967386
0.03136,-1.5418777365994182e-12,15.219640192722288,14.044703241385786,15.448773824405492,15.219640188460229,-16.143415803536104
0.03144,-1.5262457964126947e-12,15.212467293826526,13.863108740903757,15.441492943950053,15.212467295913518,-16.13580754306071
0.03152,-1.5067058711792927e-12,15.20529779912004,13.671726574626462,15.434215481315597,15.20529779697643,-16.12820288217443
0.0316,-1.4868106745780096e-12,15.198131501362488,13.471414806311106,15.42694143490334,15.198131505561701,-16.120601623495208
0.03168,-1.4658496638730872e-12,15.190968868485891,13.26082954397842,15.419670803115253,15.190968868456997,-16.113004240929044
0.031760000000000004,-1.4431122963287626e-12,15.183809400346071,13.041568128525455,15.4124035961157,15.183809396094047,-16.105410215192702
0.03184,-1.4203749287844411e-12,15.176653388226068,12.813038462788478,15.405139856112111,15.176653390308152,-16.097819866441768
0.031920000000000004,-1.3969270185043565e-12,15.169500772281038,12.57539560206873,15.397879525883585,15.169500770142477,-16.090233108805617
0.032,-1.3731238368563936e-12,15.16235134575854,12.329471201730188,15.390622603835107,15.162351349947865,-16.082649745366894
0.032080000000000004,-1.3475442983690296e-12,15.155205575488957,12.074062186654665,15.383369088372397,15.155205575460128,-16.0750702489159
0.03216,-1.320188403042267e-12,15.14806296250558,11.810680863719423,15.376118992302732,15.148062958263562,-16.067494101391922
0.032240000000000005,-1.293187779083381e-12,15.140923797405694,11.538820082073139,15.368872352399416,15.140923799482875,-16.059921622196818
0.03232,-1.2647660696529787e-12,15.133788020485346,11.258664296785486,15.361629114244186,15.13378801835182,-16.05235272566213
0.032400000000000005,-1.236344360222572e-12,15.126655425478843,10.971005639125181,15.354389276245774,15.126655429658308,-16.044787215334082
0.03248,-1.2068568366885297e-12,15.119526478117532,10.67480082404854,15.347152836813667,15.11952647808877,-16.037225562889926
0.032560000000000006,-1.177369313154485e-12,15.112400680609396,10.37145327443003,15.339919811385535,15.112400676377366,-16.02966725148858
0.03264,-1.1461054327810405e-12,15.105278322867582,10.060548783802824,15.332690231325902,15.105278324939873,-16.022112599779962
0.032720000000000006,-1.1141310096718347e-12,15.098159345328693,9.74229829803818,15.325464045006274,15.09815934320019,-16.01456152229729
0.0328,-1.0818013151947525e-12,15.091043542212637,9.417441931926403,15.318241250839133,15.091043546382263,-16.00701382304929
0.032880000000000006,-1.0476952638782654e-12,15.083931378154318,9.085112643726557,15.311021847237702,15.083931378125625,-15.999469972602768
0.03296,-1.0150102980333019e-12,15.07682235653364,8.746582839493371,15.30380585225761,15.076822352311572,-15.991929455333423
0.03304,-9.794831612452993e-13,15.069716766581225,8.401537789427726,15.296593291879852,15.069716768648636,-15.98439258914098
0.033120000000000004,-9.446665671930525e-13,15.062614548873901,8.05021160346022,15.289384117252865,15.062614546750408,-15.976859288759872
0.0332,-9.094947017729282e-13,15.055515498116035,7.693280707850327,15.282178326792874,15.055515502275846,-15.96932935866024
0.033280000000000004,-8.725464795134024e-13,15.04842007784867,7.330067977926082,15.274975918916834,15.048420077820042,-15.961803268301056
0.03336,-8.355982572538791e-13,15.041327792620866,6.961694736318865,15.267776914285928,15.041327788408738,-15.954280503271926
0.03344,-7.993605777301139e-13,15.034238930982333,6.587950693374244,15.260581333522774,15.034238933044875,-15.946761380724158
0.03352,-7.618794484187681e-13,15.027153433649795,6.209089431028691,15.253389130539968,15.0271534315313,-15.93924581559293
0.0336,-7.220890552162052e-13,15.020071095810929,5.825713019364606,15.246200303757465,15.020071099960946,-15.9317336128087
0.03368,-6.828315690654556e-13,15.012992379915493,5.437344929439666,15.23901485159595,15.012992379886931,-15.924225240725223
0.03376,-6.435740829147128e-13,15.005916791678963,5.044937716534032,15.231832797309785,15.00591678747675,-15.916720186143149
0.03384,-6.044942324479066e-13,14.998844618971727,4.648388847531539,15.224654156188295,14.998844621029411,-15.909218765467136
0.03392,-5.638156608256402e-13,14.991775802650078,4.247967377235919,15.217478884895495,14.991775800536569,-15.901720893832627
0.034,-5.240252676230739e-13,14.984710138383877,3.844191524547553,15.210306981855057,14.98471014252412,-15.89422637662932
0.03408,-4.828137889489888e-13,14.977648087534153,3.436792871399879,15.203138445491387,14.977648087505658,-15.88673568110835
0.03416,-4.4249048869460097e-13,14.970589156980052,3.026540183356068,15.195973301639711,14.970589152787731,-15.879248295278567
0.03424,-4.0056846728475794e-13,14.963533633914249,2.6134403008467055,15.188811560281048,14.963533635967087,-15.87176453479973
0.03432,-3.5962344213658e-13,14.95648145933227,2.1977735083876815,15.181653180818138,14.956481457223736,-15.864284315007078
0.0344,-3.1752378504279477e-13,14.949432429385022,1.779966001075963,15.174498161678361,14.949432433515515,-15.856807441748469
0.034480000000000004,-2.7577939931688813e-13,14.942387004347376,1.359961704833827,15.16734650128983,14.942387004318947,-15.84933438117501
0.03456,-2.335909243811344e-13,14.93534469225941,0.9383334716154038,15.160198228056366,14.935344688076956,-15.841864622500909
0.03464,-1.9131363160340842e-13,14.928305779637672,0.5151974075202564,15.153053346675573,14.928305781685674,-15.834398480642784
0.03472,-1.4863665853681668e-13,14.921270207616598,0.09085896417225804,15.145911819276268,14.921270205513023,-15.826935871135191
0.0348,-1.0658141036401866e-13,14.914237772827004,1.1102230246251565e-16,15.138773644289532,14.914237776947774,-15.819476600283075
0.03488,-6.394884621840827e-14,14.907208934460169,1.4432899320127188e-16,15.13163882014718,14.907208934431806,-15.812021133140108
0.03496,-2.1205029764928286e-14,14.90018320171436,1.1102230246251565e-16,15.124507377809397,14.900183197541752,-15.804568960123012
0.03504,2.1383125459693463e-14,14.893160860431593,1.9984014443252202e-16,15.11737931671518,14.893160862474774,-15.797120395407012
0.03512,6.39913464054753e-14,14.886141851884894,2.442490654175329e-16,15.110254601706817,14.886141849786274,-15.789675354725519
0.0352,0.36559041512263735,14.879125973183859,2.220446049250313e-16,15.103133231219083,14.87912597729493,-15.782233644839481
0.03528,0.7908405456063077,14.872113682438712,0.0908589641754674,15.096015203687482,14.872113682410419,-15.774795729707723
0.03536,1.2151973890399845,14.865104490003192,0.5151974075202419,15.088900552616378,14.865104485840412,-15.767361100946648
0.03544,1.638333495448729,14.858098681046377,0.9383334716153836,15.081789272210884,14.85809868308475,-15.759930071991842
0.03552,2.059961770830021,14.851096196979544,1.3599617048338573,15.074681330014196,14.851096194885866,-15.752502558775092
0.0356,2.479966109072568,14.844096835389948,1.779966001075979,15.067576724464775,14.844096839491337,-15.745078368512283
0.03568,2.8977736581650473,14.8371010533093,2.197773508387711,15.060475454001807,14.837101053281073,-15.737657964069966
0.03576,3.3134404921906975,14.830108362244097,2.613440300846686,15.053377554661685,14.830108358091115,-15.730240838261404
0.035840000000000004,3.7265404160100624,14.82311904669205,3.026540183356066,15.046283015440274,14.823119048725625,-15.722827303784277
0.03592,4.136793145079123,14.816133048202378,3.436792871399862,15.039191806569168,14.816133046113626,-15.715417276768289
0.036000000000000004,4.5441918389666895,14.809150164838856,3.844191524547569,15.0321039264905,14.809150168930586,-15.708010564883189
0.03608,4.947967732032598,14.802170852557238,4.247967377235896,15.025019373647135,14.802170852529075,-15.700607629905821
0.036160000000000005,5.3483892423704065,14.795194624014048,4.648388847531559,15.017938186595392,14.795194619870843,-15.693207965843495
0.03624,5.744938151027746,14.788221763037223,5.044937716534017,15.010860349146434,14.788221765066012,-15.685811884657722
0.036320000000000005,6.137345403174134,14.781252211313586,5.437344929439688,15.003785834207774,14.781252209229756,-15.678419302675662
0.0364,6.525713531935837,14.774285767382326,5.825713019364587,14.996714640225218,14.77428577146443,-15.671030028019853
0.036480000000000005,6.909089981937594,14.767322886125758,6.209089431028704,14.989646765645292,14.767322886097666,-15.66364452138
0.03656,7.287951282169242,14.760363081347739,6.587950693374231,14.98258225153219,14.760363077214292,-15.656262277954648
0.03664,7.661695362488257,14.753406636208,6.961694736318846,14.975521076536825,14.753406638232017,-15.648883608970872
0.03672,8.030068640932841,14.746453492530652,7.330067977926109,14.968463216230216,14.74645349045173,-15.64150843095282
0.0368,8.393281407178316,14.739503449329169,7.693280707850317,14.961408669061823,14.73950345340166,-15.634136552474752
0.03688,8.75021233848133,14.73255696041496,8.050211603460243,14.95435743348183,14.732556960386937,-15.626768433141804
0.03696,9.10153855958141,14.72561354073651,8.401537789427707,14.947309553050278,14.725613536612796,-15.619403569340944
0.037040000000000003,9.44658364415157,14.718673472786925,8.746582839493367,14.940265001282224,14.718673474806177,-15.612042271566542
0.03712,9.785113482237737,14.711736698527272,9.085112643726555,14.933223756399792,14.711736696453247,-15.604684456539268
0.037200000000000004,10.117442803670519,14.704803017444192,9.417441931926414,14.926185816856089,14.704803021507105,-15.597329933284048
0.03728,10.442299202267925,14.697872882280727,9.742298298038188,14.919151181104949,14.69787288225277,-15.58997916032399
0.037360000000000004,10.760549719857629,14.690945809127275,10.060548783802842,14.912119895190294,14.690945805013271,-15.582631635231692
0.03744,11.071454241575273,14.684022079811891,10.371453274430044,14.90509192751561,14.68402208182639,-15.575287667770544
0.037520000000000005,11.374801821528536,14.677101636432276,10.674800824048551,14.898067258941778,14.677101634363135,-15.567947174857277
0.0376,11.671006666225653,14.67018427894714,10.971005639125192,14.891045887925552,14.670184283000486,-15.56060996596642
0.037680000000000005,11.958665352651828,14.663270459033642,11.258664296785502,14.884027812924403,14.663270459005753,-15.553276498541605
0.03776,12.23882116595505,14.656359693921432,11.538820082073151,14.877013082454207,14.656359689817114,-15.545946271338265
0.037840000000000006,12.510681974787406,14.649452264775068,11.81068086371943,14.870001659831072,14.649452266784824,-15.538619593390532
0.03792,12.774063324060783,14.642548113828571,12.074062186654679,14.862993528542349,14.642548111764299,-15.531296381810739
0.038000000000000006,13.029472364677202,14.635647041511591,12.329471201730197,14.855988687048427,14.635647045555395,-15.523976446521957
0.03808,13.275396789608179,14.628749498437935,12.575395602068738,14.84898713381041,14.628749498410109,-15.516660243890877
0.038160000000000006,13.513039674092209,14.621855002973808,12.813038462788485,14.841988919804228,14.621854998879149,-15.509347273852995
0.03824,13.741569362682142,14.614963835621841,13.041568128525453,14.834994003282738,14.614963837626865,-15.502037844714897
0.03832000000000001,13.960830800061247,14.608075938752048,13.260829543978417,14.828002370347503,14.608075936692636,-15.494731873784048
0.0384,14.171416083452446,14.60119111326392,13.471414806311092,14.82101401946254,14.601191117298201,-15.487429171431012
0.03848,14.371727871798978,14.5943098087104,13.671726574626451,14.81402894909257,14.59430980868264,-15.480130192948085
0.03856,14.563110057214491,14.587431485323851,13.863108740903746,14.807047212661749,14.587431487331308,-15.472834383045228
0.03864,14.744704575855966,14.744964199395081,14.044703241385774,14.80006876338369,14.744950855152219,-15.46554212645732
0.03872,14.916388217492866,14.916749587869537,14.216386865854316,14.793093589961977,14.916476134324176,-15.458253428965804
0.0388,15.07882868794227,15.078795380386369,14.378827320059676,14.78612169086423,15.078795380431144,-15.450967937653129
0.03888,15.230368803141637,15.230689161168522,14.530367420105033,14.779153064558795,15.23062964003064,-15.443686059215356
0.03896,15.372472078098479,15.372554259410622,14.67247068085155,14.772187766906232,15.372755545466307,-15.43640749204079
0.03904,15.504267572753193,15.504515866336828,14.80426616232672,14.80441420810382,15.504325632609504,-15.429132491573428
0.03912,15.625665865060459,15.625780044540289,14.925664442494158,14.925976259075128,15.625898394424093,-15.421860839398532
0.0392,15.737399739311803,15.737377237888806,15.037398305572115,15.037267568402005,15.737377237906973,-15.414592542625702
0.03928,15.837778303221652,15.837968842935705,15.137776859444111,15.138218604213492,15.837931596312409,-15.407327850037653
0.03936,15.928361614185352,15.92841429480042,15.228360161349483,15.22857448057562,15.928666719003177,-15.400066375898872
0.03944,16.008279591171796,16.008547597027313,15.30827813034413,15.30845373261352,16.00835140533237,-15.392808502579589
0.03952,16.0774780105599,16.077607075450544,15.37747654281239,15.377821203458913,16.077728760099216,-15.385553969670063
0.0396,16.136743178669686,16.136731838045556,15.43674170499566,15.436633580096553,16.13673183834053,-15.378302784263157
0.03968,16.1843771613739,16.18465779543302,15.484375682936482,15.48485409813697,16.18454537382705,-15.371055194555893
0.039760000000000004,16.22201195541873,16.22219945520639,15.52201047321783,15.522249028893688,16.22233388618335,-15.36381081572087
0.03984,16.248792060499138,16.248905883506286,15.548790575620226,15.5489909888543,16.248876496164918,-15.35657002922813
0.039920000000000004,16.264699306557205,16.265087775085032,15.564697820087572,15.565069982048724,16.264856724356317,-15.349332609535576
0.04,16.27056112142103,16.270561121323375,15.570559634365214,15.570475970045095,16.270561121203652,-15.342098460955633
